,profile_desc
0,"Lorem ipsum dolor sit amet, consectetur adipiscing elit"
1,"Lorem ipsum dolor sit amet, consectetur adipiscing elit"
2,"Lorem ipsum dolor sit amet, consectetur adipiscing elit"
3,"Lorem ipsum dolor sit amet, consectetur adipiscing elit"
4,"Lorem ipsum dolor sit amet, consectetur adipiscing elit"
5,"Lorem ipsum dolor sit amet, consectetur adipiscing elit"
6,"Lorem ipsum dolor sit amet, consectetur adipiscing elit"
7,"Lorem ipsum dolor sit amet, consectetur adipiscing elit"
8,"Lorem ipsum dolor sit amet, consectetur adipiscing elit"
9,"Lorem ipsum dolor sit amet, consectetur adipiscing elit"
